1a,"[('q1a_movie_companies0', 18721), ('q1a_company_type1', 18720), ('title3', 18720), ('movie_info_idx5', 38527), ('q1a_info_type7', 142)]"
1b,"[('q1b_movie_companies0', 84420), ('q1b_title1', 24854), ('q1b_company_type3', 24853), ('movie_info_idx5', 43476), ('q1b_info_type7', 3)]"
1c,"[('q1c_movie_companies0', 9347), ('q1c_title1', 2033), ('q1c_company_type3', 2032), ('movie_info_idx5', 3265), ('q1c_info_type7', 3)]"
1d,"[('q1d_movie_companies0', 84420), ('q1d_title1', 45748), ('q1d_company_type3', 45747), ('movie_info_idx5', 74265), ('q1d_info_type7', 4)]"
2a,"[('movie_companies0', 310631), ('q2a_company_name1', 93005), ('title3', 93005), ('movie_keyword5', 1167416), ('q2a_keyword7', 7834)]"
2b,"[('movie_companies0', 263548), ('q2b_company_name1', 36085), ('title3', 36085), ('movie_keyword5', 916242), ('q2b_keyword7', 5228)]"
2c,"[('movie_companies0', 234999), ('q2c_company_name1', 3), ('title3', 3), ('movie_keyword5', 3), ('q2c_keyword7', 0)]"
2d,"[('movie_companies0', 748101), ('q2d_company_name1', 615340), ('title3', 615340), ('movie_keyword5', 3267421), ('q2d_keyword7', 68316)]"
3a,"[('movie_keyword0', 184665), ('q3a_title1', 89242), ('q3a_keyword3', 1562), ('q3a_movie_info5', 206)]"
3b,"[('movie_keyword0', 223335), ('q3b_title1', 47727), ('q3b_keyword3', 312), ('q3b_movie_info5', 5)]"
3c,"[('movie_keyword0', 165621), ('q3c_title1', 122233), ('q3c_keyword3', 7618), ('q3c_movie_info5', 7250)]"
4a,"[('q4a_movie_info_idx0', 353000), ('q4a_title1', 106025), ('q4a_info_type3', 106022), ('movie_keyword5', 697652), ('q4a_keyword7', 740)]"
4b,"[('q4b_movie_info_idx0', 355), ('q4b_title1', 75), ('q4b_info_type3', 73), ('movie_keyword5', 1071), ('q4b_keyword7', 6)]"
4c,"[('q4c_movie_info_idx0', 448974), ('q4c_title1', 294222), ('q4c_info_type3', 294218), ('movie_keyword5', 2012692), ('q4c_keyword7', 4700)]"
5a,"[('q5a_movie_companies0', 3), ('q5a_title1', 2), ('q5a_company_type3', 1), ('q5a_movie_info5', 1), ('info_type7', 0)]"
5b,"[('q5b_movie_companies0', 1366), ('q5b_title1', 1), ('q5b_company_type3', 1), ('q5b_movie_info5', 1), ('info_type7', 0)]"
5c,"[('q5c_movie_companies0', 799), ('q5c_title1', 768), ('q5c_company_type3', 767), ('q5c_movie_info5', 670), ('info_type7', 669)]"
6a,"[('movie_keyword0', 218139), ('q6a_title1', 47656), ('q6a_keyword3', 12), ('cast_info5', 1225), ('q6a_name7', 6)]"
6b,"[('movie_keyword0', 433861), ('q6b_title1', 772), ('q6b_keyword3', 29), ('cast_info5', 212), ('q6b_name7', 12)]"
6c,"[('movie_keyword0', 431543), ('q6c_title1', 796), ('q6c_keyword3', 3), ('cast_info5', 34), ('q6c_name7', 2)]"
6d,"[('movie_keyword0', 184915), ('q6d_title1', 110589), ('q6d_keyword3', 11879), ('cast_info5', 584492), ('q6d_name7', 88)]"
6e,"[('movie_keyword0', 165134), ('q6e_title1', 102971), ('q6e_keyword3', 12), ('cast_info5', 1225), ('q6e_name7', 6)]"
6f,"[('movie_keyword0', 190544), ('q6f_title1', 117095), ('q6f_keyword3', 14147), ('cast_info5', 785478), ('name7', 785477)]"
7a,"[('q7a_person_info0', 65), ('q7a_name1', 18), ('q7a_info_type3', 18), ('cast_info5', 2671), ('q7a_title7', 391), ('q7a_movie_link9', 47), ('q7a_link_type11', 15), ('q7a_aka_name13', 32)]"
7b,"[('q7b_link_type0', 2), ('q7b_movie_link1', 5187), ('q7b_title3', 436), ('cast_info5', 15201), ('q7b_name7', 488), ('q7b_aka_name9', 261), ('q7b_person_info11', 17), ('q7b_info_type13', 16)]"
7c,"[('q7c_person_info0', 82441), ('q7c_name1', 12873), ('q7c_info_type3', 12873), ('cast_info5', 753057), ('q7c_title7', 422783), ('q7c_movie_link9', 32866), ('q7c_link_type11', 31229), ('q7c_aka_name13', 68185)]"
8a,"[('q8a_cast_info0', 3562), ('q8a_name1', 366), ('q8a_role_type3', 365), ('title5', 365), ('q8a_movie_companies7', 40), ('q8a_company_name9', 39), ('aka_name11', 62)]"
8b,"[('q8b_cast_info0', 10280), ('q8b_title1', 91), ('q8b_name3', 6), ('q8b_role_type5', 6), ('q8b_movie_companies7', 5), ('q8b_company_name9', 5), ('aka_name11', 6)]"
8c,"[('cast_info0', 1298381), ('title1', 1298381), ('q8c_role_type3', 1298371), ('name5', 1298371), ('movie_companies7', 2105926), ('q8c_company_name9', 1159068), ('aka_name11', 2487611)]"
8d,"[('cast_info0', 184249), ('title1', 184249), ('q8d_role_type3', 184239), ('name5', 184239), ('movie_companies7', 472586), ('q8d_company_name9', 175933), ('aka_name11', 323005)]"
9a,"[('q9a_cast_info0', 93888), ('q9a_name1', 504), ('q9a_title3', 156), ('char_name5', 155), ('q9a_role_type7', 155), ('q9a_movie_companies9', 83), ('q9a_company_name11', 79), ('aka_name13', 121)]"
9b,"[('q9b_cast_info0', 85918), ('q9b_name1', 341), ('char_name3', 340), ('q9b_role_type5', 340), ('q9b_title7', 91), ('q9b_movie_companies9', 30), ('q9b_company_name11', 30), ('aka_name13', 40)]"
9c,"[('q9c_cast_info0', 96243), ('q9c_name1', 4251), ('q9c_role_type3', 4251), ('char_name5', 4250), ('title7', 4250), ('movie_companies9', 8151), ('q9c_company_name11', 3301), ('aka_name13', 8144)]"
9d,"[('q9d_cast_info0', 177312), ('q9d_name1', 110006), ('q9d_role_type3', 110006), ('title5', 110006), ('char_name7', 110005), ('movie_companies9', 181972), ('q9d_company_name11', 123883), ('aka_name13', 483082)]"
10a,"[('q10a_cast_info0', 16366), ('q10a_title1', 4159), ('char_name3', 4158), ('q10a_role_type5', 4157), ('movie_companies7', 10171), ('q10a_company_name9', 105), ('company_type11', 104)]"
10b,"[('q10b_cast_info0', 17), ('q10b_title1', 2), ('char_name3', 1), ('q10b_role_type5', 1), ('movie_companies7', 1), ('q10b_company_name9', 1), ('company_type11', 0)]"
10c,"[('q10c_cast_info0', 17), ('q10c_title1', 14), ('char_name3', 13), ('role_type5', 13), ('movie_companies7', 24), ('q10c_company_name9', 11), ('company_type11', 10)]"
11a,"[('q11a_movie_companies0', 348295), ('q11a_company_name1', 205699), ('q11a_title3', 77634), ('q11a_company_type5', 77633), ('movie_keyword7', 460763), ('q11a_keyword9', 1070), ('movie_link11', 321), ('q11a_link_type13', 310)]"
11b,"[('q11b_movie_companies0', 904497), ('q11b_title1', 21), ('q11b_company_name3', 6), ('q11b_company_type5', 6), ('movie_link7', 27), ('q11b_link_type9', 15), ('movie_keyword11', 18), ('q11b_keyword13', 14)]"
11c,"[('q11c_movie_companies0', 147541), ('q11c_title1', 67004), ('q11c_company_type3', 67003), ('q11c_company_name5', 5431), ('movie_keyword7', 131290), ('q11c_keyword9', 1042), ('movie_link11', 6947), ('link_type13', 6946)]"
11d,"[('q11d_movie_companies0', 670067), ('q11d_title1', 558470), ('q11d_company_type3', 558469), ('q11d_company_name5', 555620), ('movie_keyword7', 2534431), ('q11d_keyword9', 22754), ('movie_link11', 14900), ('link_type13', 14899)]"
12a,"[('movie_companies0', 760236), ('q12a_title1', 91698), ('q12a_company_name3', 59084), ('q12a_company_type5', 59083), ('q12a_movie_info7', 10934), ('q12a_info_type19', 10934), ('q12a_movie_info_idx211', 991), ('q12a_info_type213', 397)]"
12b,"[('movie_companies0', 1060408), ('q12b_title1', 1808), ('q12b_company_type3', 1808), ('q12b_company_name5', 1041), ('movie_info7', 14639), ('q12b_info_type19', 293), ('q12b_movie_info_idx211', 479), ('q12b_info_type213', 10)]"
12c,"[('movie_companies0', 714420), ('q12c_title1', 201725), ('q12c_company_name3', 140485), ('q12c_company_type5', 140484), ('q12c_movie_info7', 30246), ('q12c_info_type19', 30246), ('q12c_movie_info_idx211', 7341), ('q12c_info_type213', 4711)]"
13a,"[('movie_companies0', 254343), ('q13a_company_name1', 57842), ('q13a_company_type3', 57841), ('title5', 57841), ('q13a_kind_type7', 30535), ('movie_info_idx9', 36926), ('q13a_info_type111', 16253), ('q13a_movie_info13', 360366), ('q13a_info_type215', 111101)]"
13b,"[('movie_companies0', 910176), ('q13b_title1', 978), ('q13b_company_name3', 697), ('q13b_company_type5', 696), ('q13b_kind_type7', 188), ('movie_info_idx9', 140), ('q13b_info_type111', 62), ('q13b_movie_info13', 1176), ('q13b_info_type215', 372)]"
13c,"[('movie_companies0', 924808), ('q13c_title1', 148), ('q13c_company_name3', 79), ('q13c_company_type5', 78), ('q13c_kind_type7', 32), ('movie_info_idx9', 33), ('q13c_info_type111', 15), ('q13c_movie_info13', 162), ('q13c_info_type215', 53)]"
13d,"[('movie_companies0', 574537), ('q13d_company_name1', 446394), ('q13d_company_type3', 446393), ('title5', 446393), ('q13d_kind_type7', 196130), ('movie_info_idx9', 215602), ('q13d_info_type111', 86210), ('q13d_movie_info13', 2674057), ('q13d_info_type215', 670390)]"
14a,"[('q14a_movie_info_idx20', 458295), ('q14a_title1', 43555), ('q14a_kind_type3', 17276), ('q14a_info_type25', 17273), ('q14a_movie_info7', 9009), ('q14a_info_type19', 8486), ('movie_keyword11', 70438), ('q14a_keyword13', 761)]"
14b,"[('q14b_movie_info_idx20', 281568), ('q14b_title1', 55), ('q14b_kind_type3', 7), ('q14b_info_type25', 5), ('q14b_movie_info7', 3), ('q14b_info_type19', 3), ('movie_keyword11', 5), ('q14b_keyword13', 1)]"
14c,"[('q14c_movie_info0', 609653), ('q14c_title1', 237150), ('q14c_info_type13', 237148), ('q14c_kind_type5', 164036), ('movie_keyword7', 538049), ('q14c_keyword9', 5075), ('q14c_movie_info_idx211', 9165), ('q14c_info_type213', 4115)]"
15a,"[('q15a_movie_companies0', 45821), ('q15a_title1', 40136), ('q15a_company_name3', 34942), ('company_type5', 34942), ('q15a_movie_info7', 566), ('q15a_info_type9', 566), ('movie_keyword11', 437), ('keyword13', 437), ('aka_title15', 328)]"
15b,"[('q15b_movie_companies0', 16516), ('q15b_title1', 8632), ('q15b_company_name3', 255), ('company_type5', 255), ('q15b_movie_info7', 74), ('q15b_info_type9', 74), ('movie_keyword11', 64), ('keyword13', 64), ('aka_title15', 37)]"
15c,"[('movie_companies0', 796095), ('q15c_title1', 410050), ('company_type3', 410050), ('q15c_company_name5', 316153), ('q15c_movie_info7', 1461), ('q15c_info_type9', 1461), ('movie_keyword11', 2135), ('keyword13', 2135), ('aka_title15', 2271)]"
15d,"[('movie_companies0', 796281), ('q15d_title1', 410236), ('company_type3', 410236), ('q15d_company_name5', 316321), ('q15d_movie_info7', 5863), ('q15d_info_type9', 5827), ('movie_keyword11', 8889), ('keyword13', 8889), ('aka_title15', 11347)]"
16a,"[('movie_keyword0', 418977), ('q16a_title1', 2653), ('q16a_keyword3', 147), ('cast_info5', 392), ('name7', 392), ('movie_companies9', 331), ('q16a_company_name11', 302), ('aka_name13', 385)]"
16b,"[('cast_info0', 2908164), ('name1', 2908164), ('title3', 2908164), ('movie_companies5', 3393475), ('q16b_company_name7', 2301775), ('movie_keyword9', 4949334), ('q16b_keyword11', 1778474), ('aka_name13', 3710592)]"
16c,"[('movie_keyword0', 265742), ('q16c_title1', 68409), ('q16c_keyword3', 6926), ('cast_info5', 95743), ('name7', 95743), ('movie_companies9', 180114), ('q16c_company_name11', 177250), ('aka_name13', 319932)]"
16d,"[('movie_keyword0', 274956), ('q16d_title1', 55971), ('q16d_keyword3', 5385), ('cast_info5', 73354), ('name7', 73354), ('movie_companies9', 138430), ('q16d_company_name11', 136538), ('aka_name13', 249455)]"
17a,"[('movie_companies0', 738742), ('title1', 738742), ('q17a_company_name3', 606361), ('movie_keyword5', 3212358), ('q17a_keyword7', 59324), ('cast_info9', 937475), ('q17a_name11', 258289)]"
17b,"[('cast_info0', 4047201), ('q17b_name1', 203538), ('title3', 203538), ('movie_keyword5', 969752), ('q17b_keyword7', 6568), ('movie_companies9', 52307), ('company_name11', 52306)]"
17c,"[('cast_info0', 4048374), ('q17c_name1', 10854), ('title3', 10854), ('movie_keyword5', 46890), ('q17c_keyword7', 248), ('movie_companies9', 1919), ('company_name11', 1918)]"
17d,"[('cast_info0', 4030152), ('q17d_name1', 42860), ('title3', 42860), ('movie_keyword5', 262197), ('q17d_keyword7', 1966), ('movie_companies9', 11539), ('company_name11', 11538)]"
17e,"[('movie_companies0', 747594), ('title1', 747594), ('q17e_company_name3', 614849), ('movie_keyword5', 3264886), ('q17e_keyword7', 67826), ('cast_info9', 2832556), ('name11', 2832555)]"
17f,"[('cast_info0', 3287399), ('q17f_name1', 1572884), ('title3', 1572884), ('movie_keyword5', 3932127), ('q17f_keyword7', 143917), ('movie_companies9', 1113121), ('company_name11', 1113120)]"
18a,"[('q18a_cast_info0', 390921), ('q18a_name1', 6606), ('title3', 6606), ('movie_info5', 93102), ('q18a_info_type17', 687), ('q18a_movie_info_idx29', 1204), ('q18a_info_type211', 410)]"
18b,"[('q18b_movie_info0', 63877), ('q18b_title1', 30167), ('q18b_info_type13', 30167), ('q18b_cast_info5', 19046), ('q18b_name7', 963), ('q18b_movie_info_idx29', 35), ('q18b_info_type211', 11)]"
18c,"[('q18c_cast_info0', 444419), ('q18c_name1', 328440), ('title3', 328440), ('q18c_movie_info5', 39582), ('q18c_info_type17', 38549), ('q18c_movie_info_idx29', 59248), ('q18c_info_type211', 28073)]"
19a,"[('q19a_cast_info0', 122653), ('q19a_title1', 29754), ('q19a_name3', 112), ('char_name5', 111), ('q19a_role_type7', 111), ('q19a_movie_info9', 81), ('q19a_info_type11', 81), ('q19a_movie_companies13', 120), ('q19a_company_name15', 118), ('aka_name17', 184)]"
19b,"[('q19b_cast_info0', 152032), ('q19b_title1', 58), ('q19b_name3', 2), ('char_name5', 2), ('q19b_role_type7', 2), ('q19b_movie_info9', 2), ('q19b_info_type11', 2), ('q19b_movie_companies13', 4), ('q19b_company_name15', 4), ('aka_name17', 15)]"
19c,"[('q19c_cast_info0', 117630), ('q19c_title1', 66708), ('q19c_name3', 2598), ('char_name5', 2597), ('q19c_role_type7', 2597), ('movie_companies9', 4089), ('q19c_company_name11', 1344), ('q19c_movie_info13', 1639), ('q19c_info_type15', 1639), ('aka_name17', 3575)]"
19d,"[('q19d_cast_info0', 170394), ('q19d_title1', 112381), ('q19d_name3', 65239), ('char_name5', 65238), ('q19d_role_type7', 65238), ('movie_info9', 337806), ('q19d_info_type11', 159471), ('movie_companies13', 507077), ('q19d_company_name15', 472136), ('aka_name17', 1760645)]"
20a,"[('cast_info0', 3140200), ('q20a_char_name1', 311), ('q20a_title3', 305), ('q20a_kind_type5', 22), ('name7', 22), ('complete_cast9', 10), ('q20a_comp_cast_type111', 10), ('q20a_comp_cast_type213', 10), ('movie_keyword15', 688), ('q20a_keyword17', 33)]"
20b,"[('cast_info0', 3140197), ('q20b_char_name1', 311), ('q20b_title3', 257), ('q20b_kind_type5', 19), ('q20b_name7', 8), ('complete_cast9', 5), ('q20b_comp_cast_type111', 5), ('q20b_comp_cast_type213', 5), ('movie_keyword15', 516), ('q20b_keyword17', 17)]"
20c,"[('cast_info0', 2475419), ('q20c_char_name1', 328877), ('q20c_title3', 170304), ('q20c_kind_type5', 50453), ('name7', 50453), ('complete_cast9', 5838), ('q20c_comp_cast_type111', 5674), ('q20c_comp_cast_type213', 5674), ('movie_keyword15', 244375), ('q20c_keyword17', 5406)]"
21a,"[('q21a_movie_companies0', 348294), ('q21a_company_name1', 205698), ('q21a_company_type3', 205697), ('q21a_title5', 77632), ('movie_keyword7', 460733), ('q21a_keyword9', 1069), ('movie_link11', 310), ('q21a_link_type13', 309), ('q21a_movie_info15', 1410)]"
21b,"[('q21b_movie_companies0', 348284), ('q21b_company_name1', 205689), ('q21b_company_type3', 205688), ('q21b_title5', 63288), ('movie_keyword7', 455117), ('q21b_keyword9', 456), ('movie_link11', 40), ('q21b_link_type13', 40), ('q21b_movie_info15', 38)]"
21c,"[('q21c_movie_companies0', 348298), ('q21c_company_name1', 205702), ('q21c_company_type3', 205701), ('q21c_title5', 137950), ('movie_keyword7', 887701), ('q21c_keyword9', 1493), ('movie_link11', 413), ('q21c_link_type13', 403), ('q21c_movie_info15', 1874)]"
22a,"[('q22a_movie_companies0', 158985), ('q22a_title1', 17800), ('q22a_company_name3', 16187), ('q22a_kind_type5', 10941), ('company_type7', 10941), ('q22a_movie_info_idx29', 12747), ('q22a_info_type211', 4114), ('q22a_movie_info13', 2415), ('q22a_info_type115', 2149), ('movie_keyword17', 31002), ('q22a_keyword19', 2851)]"
22b,"[('q22b_movie_companies0', 172783), ('q22b_title1', 1222), ('q22b_company_name3', 963), ('q22b_kind_type5', 748), ('company_type7', 748), ('q22b_movie_info_idx29', 880), ('q22b_info_type211', 283), ('q22b_movie_info13', 89), ('q22b_info_type115', 70), ('movie_keyword17', 1510), ('q22b_keyword19', 31)]"
22c,"[('q22c_movie_companies0', 156951), ('q22c_title1', 73496), ('q22c_company_name3', 69329), ('q22c_kind_type5', 46448), ('company_type7', 46448), ('q22c_movie_info_idx29', 69045), ('q22c_info_type211', 28841), ('q22c_movie_info13', 20176), ('q22c_info_type115', 19282), ('movie_keyword17', 221478), ('q22c_keyword19', 21489)]"
22d,"[('movie_companies0', 893724), ('q22d_title1', 270475), ('q22d_company_name3', 216926), ('company_type5', 216926), ('q22d_kind_type7', 165561), ('q22d_movie_info9', 58886), ('q22d_info_type111', 53356), ('q22d_movie_info_idx213', 82578), ('q22d_info_type215', 43318), ('movie_keyword17', 381863), ('q22d_keyword19', 46281)]"
23a,"[('movie_companies0', 827634), ('q23a_title1', 329907), ('q23a_company_name3', 252373), ('q23a_kind_type5', 81202), ('company_type7', 81202), ('complete_cast9', 3940), ('q23a_comp_cast_type11', 929), ('q23a_movie_info13', 7), ('q23a_info_type15', 7), ('movie_keyword17', 619), ('keyword19', 618)]"
23b,"[('movie_companies0', 827633), ('q23b_title1', 329906), ('q23b_company_name3', 252372), ('q23b_kind_type5', 81201), ('company_type7', 81201), ('complete_cast9', 3938), ('q23b_comp_cast_type11', 928), ('q23b_movie_info13', 6), ('q23b_info_type15', 6), ('movie_keyword17', 169), ('q23b_keyword19', 16)]"
23c,"[('movie_companies0', 796016), ('q23c_title1', 409971), ('q23c_company_name3', 316076), ('q23c_kind_type5', 185961), ('company_type7', 185961), ('complete_cast9', 12658), ('q23c_comp_cast_type11', 4000), ('q23c_movie_info13', 8), ('q23c_info_type15', 8), ('movie_keyword17', 629), ('keyword19', 628)]"
24a,"[('q24a_cast_info0', 142060), ('q24a_title1', 23281), ('q24a_name3', 557), ('q24a_role_type5', 557), ('char_name7', 556), ('q24a_movie_info9', 337), ('q24a_info_type11', 337), ('movie_companies13', 501), ('q24a_company_name15', 235), ('movie_keyword17', 1742), ('q24a_keyword19', 74), ('aka_name21', 275)]"
24b,"[('q24b_cast_info0', 171141), ('q24b_title1', 52), ('q24b_name3', 4), ('q24b_role_type5', 4), ('char_name7', 4), ('movie_companies9', 30), ('q24b_company_name11', 4), ('movie_keyword13', 75), ('q24b_keyword15', 6), ('q24b_movie_info17', 10), ('q24b_info_type19', 10), ('aka_name21', 45)]"
25a,"[('q25a_movie_info0', 30330), ('title1', 30330), ('q25a_info_type13', 30329), ('q25a_cast_info5', 13951), ('q25a_name7', 7008), ('q25a_movie_info_idx29', 9876), ('q25a_info_type211', 4313), ('movie_keyword13', 101674), ('q25a_keyword15', 4407)]"
25b,"[('q25b_movie_info0', 30334), ('q25b_title1', 24), ('q25b_info_type13', 24), ('q25b_cast_info5', 12), ('q25b_name7', 7), ('q25b_movie_info_idx29', 12), ('q25b_info_type211', 5), ('movie_keyword13', 36), ('q25b_keyword15', 6)]"
25c,"[('q25c_movie_info0', 148124), ('q25c_info_type11', 148122), ('title3', 148122), ('q25c_movie_info_idx25', 160134), ('q25c_info_type27', 79020), ('movie_keyword9', 933389), ('q25c_keyword11', 35418), ('q25c_cast_info13', 31639), ('q25c_name15', 26153)]"
26a,"[('cast_info0', 2465027), ('q26a_char_name1', 326872), ('name3', 326872), ('q26a_title5', 168299), ('q26a_kind_type7', 48448), ('complete_cast9', 3749), ('q26a_comp_cast_type111', 3669), ('q26a_comp_cast_type213', 3669), ('movie_keyword15', 205902), ('q26a_keyword17', 2307), ('q26a_movie_info_idx19', 1845), ('q26a_info_type21', 1728)]"
26b,"[('cast_info0', 2460870), ('q26b_char_name1', 326083), ('name3', 326083), ('q26b_title5', 123105), ('q26b_kind_type7', 36825), ('complete_cast9', 1393), ('q26b_comp_cast_type111', 1378), ('q26b_comp_cast_type213', 1378), ('movie_keyword15', 92707), ('q26b_keyword17', 286), ('q26b_movie_info_idx19', 113), ('q26b_info_type21', 93)]"
26c,"[('cast_info0', 2475413), ('q26c_char_name1', 328874), ('name3', 328874), ('q26c_title5', 170301), ('q26c_kind_type7', 50450), ('complete_cast9', 5832), ('q26c_comp_cast_type211', 5832), ('q26c_comp_cast_type113', 5671), ('movie_info_idx15', 10850), ('q26c_info_type17', 5498), ('movie_keyword19', 243975), ('q26c_keyword21', 5400)]"
27a,"[('q27a_movie_companies0', 348289), ('q27a_company_name1', 205694), ('q27a_title3', 77629), ('q27a_company_type5', 77628), ('complete_cast7', 12235), ('q27a_comp_cast_type19', 12235), ('q27a_comp_cast_type211', 8712), ('movie_link13', 242), ('q27a_link_type15', 177), ('movie_keyword17', 289), ('q27a_keyword19', 173), ('q27a_movie_info21', 477)]"
27b,"[('q27b_movie_companies0', 348289), ('q27b_company_name1', 205692), ('q27b_title3', 2352), ('q27b_company_type5', 2351), ('complete_cast7', 355), ('q27b_comp_cast_type19', 355), ('q27b_comp_cast_type211', 267), ('movie_link13', 97), ('q27b_link_type15', 96), ('movie_keyword17', 108), ('q27b_keyword19', 96), ('q27b_movie_info21', 247)]"
27c,"[('q27c_movie_companies0', 348287), ('q27c_company_name1', 205692), ('q27c_title3', 137941), ('q27c_company_type5', 137940), ('complete_cast7', 15787), ('q27c_comp_cast_type19', 13777), ('q27c_comp_cast_type211', 10419), ('movie_link13', 263), ('q27c_link_type15', 120), ('movie_keyword17', 223), ('q27c_keyword19', 116), ('q27c_movie_info21', 458)]"
28a,"[('q28a_movie_companies0', 146433), ('q28a_title1', 113202), ('q28a_company_name3', 107366), ('company_type5', 107366), ('q28a_kind_type7', 65994), ('complete_cast9', 12267), ('q28a_comp_cast_type111', 5008), ('q28a_comp_cast_type213', 4865), ('q28a_movie_info_idx215', 9174), ('q28a_info_type217', 4221), ('movie_keyword19', 58146), ('q28a_keyword21', 3713), ('q28a_movie_info23', 4824), ('q28a_info_type125', 4803)]"
28b,"[('q28b_movie_companies0', 148420), ('q28b_title1', 64944), ('q28b_company_name3', 60843), ('q28b_kind_type5', 37962), ('company_type7', 37962), ('complete_cast9', 5610), ('q28b_comp_cast_type111', 1851), ('q28b_comp_cast_type213', 1784), ('q28b_movie_info15', 254), ('q28b_info_type117', 222), ('movie_keyword19', 1389), ('q28b_keyword21', 151), ('q28b_movie_info_idx223', 151), ('q28b_info_type225', 148)]"
28c,"[('q28c_movie_companies0', 146039), ('q28c_company_name1', 139777), ('q28c_title3', 64303), ('q28c_kind_type5', 41422), ('company_type7', 41422), ('complete_cast9', 7680), ('q28c_comp_cast_type111', 7291), ('q28c_comp_cast_type213', 6739), ('q28c_movie_info_idx215', 10869), ('q28c_info_type217', 5965), ('q28c_movie_info19', 5940), ('q28c_info_type121', 5826), ('movie_keyword23', 80595), ('q28c_keyword25', 8373)]"
29a,"[('q29a_cast_info0', 100454), ('q29a_name1', 5435), ('q29a_title3', 2), ('q29a_char_name5', 2), ('q29a_role_type7', 2), ('complete_cast9', 2), ('q29a_comp_cast_type111', 2), ('q29a_comp_cast_type213', 2), ('movie_companies15', 23), ('q29a_company_name17', 6), ('movie_keyword19', 113), ('q29a_keyword21', 6), ('q29a_movie_info23', 11), ('q29a_info_type125', 11), ('q29a_person_info27', 650), ('q29a_info_type229', 541), ('aka_name31', 1620)]"
29b,"[('q29b_cast_info0', 100454), ('q29b_name1', 5435), ('q29b_title3', 2), ('q29b_char_name5', 2), ('q29b_role_type7', 2), ('complete_cast9', 2), ('q29b_comp_cast_type111', 2), ('q29b_comp_cast_type213', 2), ('movie_companies15', 23), ('q29b_company_name17', 6), ('movie_keyword19', 113), ('q29b_keyword21', 6), ('q29b_movie_info23', 6), ('q29b_info_type125', 6), ('q29b_person_info27', 168), ('q29b_info_type229', 6), ('aka_name31', 15)]"
29c,"[('q29c_cast_info0', 95632), ('q29c_name1', 4659), ('q29c_title3', 2284), ('char_name5', 2283), ('q29c_role_type7', 2283), ('complete_cast9', 145), ('q29c_comp_cast_type111', 118), ('q29c_comp_cast_type213', 14), ('q29c_person_info15', 1035), ('q29c_info_type217', 248), ('movie_companies19', 1456), ('q29c_company_name21', 1372), ('movie_keyword23', 2329), ('q29c_keyword25', 1365), ('q29c_movie_info27', 3823), ('q29c_info_type129', 3823), ('aka_name31', 16308)]"
30a,"[('complete_cast0', 19325), ('q30a_title1', 1900), ('q30a_comp_cast_type23', 1899), ('q30a_comp_cast_type15', 1899), ('q30a_movie_info_idx27', 3542), ('q30a_info_type29', 1700), ('q30a_movie_info11', 385), ('q30a_info_type113', 385), ('movie_keyword15', 27146), ('q30a_keyword17', 765), ('q30a_cast_info19', 834), ('q30a_name21', 757)]"
30b,"[('complete_cast0', 23305), ('q30b_title1', 4), ('q30b_comp_cast_type23', 3), ('q30b_comp_cast_type15', 3), ('q30b_movie_info_idx27', 7), ('q30b_info_type29', 3), ('q30b_movie_info11', 4), ('q30b_info_type113', 4), ('movie_keyword15', 296), ('q30b_keyword17', 13), ('q30b_cast_info19', 29), ('q30b_name21', 28)]"
30c,"[('complete_cast0', 17882), ('q30c_comp_cast_type11', 17881), ('q30c_comp_cast_type23', 17880), ('title5', 17880), ('q30c_cast_info7', 9951), ('q30c_name9', 5313), ('movie_keyword11', 207761), ('q30c_keyword13', 4991), ('q30c_movie_info_idx215', 8469), ('q30c_info_type217', 4987), ('q30c_movie_info19', 8698), ('q30c_info_type121', 8024)]"
31a,"[('q31a_movie_info0', 63885), ('title1', 63885), ('q31a_info_type13', 63884), ('q31a_cast_info5', 28944), ('q31a_name7', 13588), ('movie_companies9', 67406), ('q31a_company_name11', 394), ('movie_keyword13', 13197), ('q31a_keyword15', 1275), ('q31a_movie_info_idx217', 1490), ('q31a_info_type219', 1273)]"
31b,"[('q31b_movie_info0', 63877), ('q31b_title1', 39), ('q31b_info_type13', 39), ('q31b_cast_info5', 29), ('q31b_name7', 26), ('q31b_movie_companies9', 26), ('q31b_company_name11', 20), ('movie_keyword13', 568), ('q31b_keyword15', 85), ('q31b_movie_info_idx217', 93), ('q31b_info_type219', 84)]"
31c,"[('q31c_movie_info0', 144737), ('q31c_info_type11', 144736), ('title3', 144736), ('q31c_movie_info_idx25', 151291), ('q31c_info_type27', 75634), ('movie_keyword9', 687361), ('q31c_keyword11', 21267), ('movie_companies13', 181424), ('q31c_company_name15', 1676), ('q31c_cast_info17', 2826), ('name19', 2825)]"
32a,"[('movie_link0', 6412), ('link_type1', 6412), ('title3', 6412), ('q32a_title25', 6412), ('movie_keyword7', 25072), ('q32a_keyword9', 0)]"
32b,"[('movie_link0', 10260), ('link_type1', 10260), ('title3', 10260), ('q32b_title25', 10260), ('movie_keyword7', 28920), ('q32b_keyword9', 4388)]"
33a,"[('q33a_movie_companies10', 701461), ('q33a_title11', 701461), ('q33a_company_name13', 571712), ('q33a_kind_type15', 27465), ('movie_link7', 8267), ('q33a_title29', 1273), ('q33a_kind_type211', 138), ('q33a_link_type13', 28), ('q33a_movie_info_idx215', 35), ('q33a_info_type217', 3), ('q33a_movie_info_idx119', 5), ('q33a_info_type121', 3), ('q33a_movie_companies223', 9), ('q33a_company_name225', 8)]"
33b,"[('q33b_movie_info_idx10', 459928), ('q33b_title11', 459928), ('q33b_info_type13', 459926), ('q33b_kind_type15', 37687), ('movie_link7', 11396), ('q33b_title29', 593), ('q33b_link_type11', 21), ('q33b_kind_type213', 11), ('q33b_movie_info_idx215', 14), ('q33b_info_type217', 3), ('q33b_movie_companies119', 5), ('q33b_company_name121', 2), ('q33b_movie_companies223', 5), ('q33b_company_name225', 4)]"
33c,"[('q33c_movie_info_idx10', 459928), ('q33c_title11', 459928), ('q33c_info_type13', 459926), ('q33c_kind_type15', 179593), ('movie_link7', 20781), ('q33c_title29', 7875), ('q33c_link_type11', 814), ('q33c_kind_type213', 732), ('q33c_movie_companies115', 798), ('q33c_company_name117', 737), ('q33c_movie_info_idx219', 260), ('q33c_info_type221', 47), ('q33c_movie_companies223', 115), ('q33c_company_name225', 114)]"
